{"cameraMode":{"drawMode":0,"name":"Shaded","section":"Shading Mode"},"sceneLighting":false,"audioPlay":false,"sceneViewState":{"showFog":true,"showMaterialUpdate":false,"showSkybox":true,"showFlares":true,"showImageEffects":true,"showParticleSystems":true},"in2DMode":false,"pivot":{"x":-0.04382053017616272,"y":0.04383309930562973,"z":0.07281062006950379},"rotation":{"x":-0.1370099037885666,"y":0.8022292256355286,"z":-0.20169217884540559,"w":-0.5449557900428772},"size":0.23544906079769135,"orthographic":false}