{"cameraMode":{"drawMode":0,"name":"Shaded","section":"Shading Mode"},"sceneLighting":false,"audioPlay":false,"sceneViewState":{"showFog":true,"showMaterialUpdate":false,"showSkybox":true,"showFlares":true,"showImageEffects":true,"showParticleSystems":true},"in2DMode":false,"pivot":{"x":-0.02822391502559185,"y":0.2618720531463623,"z":-0.11446592211723328},"rotation":{"x":-0.2742505371570587,"y":0.0005742097273468971,"z":-0.0001640365953790024,"w":-0.9616581797599793},"size":0.32161951065063479,"orthographic":false}